<?xml version="1.0" encoding="utf-8" standalone="no" ?>
<modDesc descVersion="94">
    <author>Beeves</author>
    <version>1.0.0.0</version>
    <title>
        <en>Supply And Demand</en>
        <de>Angebot Und Nachfrage</de>
    </title>
    <description>
        <en><![CDATA[
This mod dynamically adjusts the prices of crops, goods, animals, and passive income from placeable generators based on selling habits.

No more endlessly farming one crop or product for maximum profit. Be mindful not to overproduce and sell too much of any resource, or risk impacting the local market and dropping the prices.

Compete with other players in multiplayer games over the supply and demand of resources.

The annual demand of each resource is €35,000 worth on hard, €63,000 on normal, and €105,000 on easy economic difficulty. Doubled if seasonal growth is off.
        ]]></en>
        <de><![CDATA[
Dieser Mod passt die Preise für Pflanzen, Waren, Tiere und passives Einkommen aus platzierbaren Generatoren dynamisch an die Verkaufsgewohnheiten an.

Sie müssen nicht mehr endlos eine Ernte oder ein Produkt anbauen, um maximalen Gewinn zu erzielen. Achten Sie darauf, nicht zu viel von einer Ressource zu produzieren und zu verkaufen, da Sie sonst das Risiko eingehen, den lokalen Markt zu beeinträchtigen und die Preise zu senken.

Messen Sie sich in Multiplayer-Spielen mit anderen Spielern um Angebot und Nachfrage von Ressourcen.

Der jährliche Bedarf jeder Ressource beträgt im schwierigen Schwierigkeitsgrad 35.000 €, im normalen Schwierigkeitsgrad 63.000 € und im einfachen wirtschaftlichen Schwierigkeitsgrad 105.000 €. Wird verdoppelt, wenn das saisonale Wachstum ausfällt.
        ]]></de>
    </description>
    <iconFilename>icon_supplyAndDemand.dds</iconFilename>
    <multiplayer supported="true"/>
    <extraSourceFiles>
        <sourceFile filename="supplyAndDemand.lua"/>
    </extraSourceFiles>
</modDesc>